{"cameraMode":{"drawMode":0,"name":"Shaded","section":"Shading Mode"},"sceneLighting":false,"audioPlay":false,"sceneViewState":{"showFog":true,"showMaterialUpdate":false,"showSkybox":true,"showFlares":true,"showImageEffects":true,"showParticleSystems":true},"in2DMode":false,"pivot":{"x":1.2937450408935547,"y":0.3541557192802429,"z":-2.9364919662475588},"rotation":{"x":-0.17184177041053773,"y":0.03605059161782265,"z":-0.006123713683336973,"w":-0.9844456911087036},"size":1.5128507614135743,"orthographic":false}