{"cameraMode":{"drawMode":0,"name":"Shaded","section":"Shading Mode"},"sceneLighting":true,"audioPlay":false,"sceneViewState":{"showFog":true,"showMaterialUpdate":false,"showSkybox":true,"showFlares":true,"showImageEffects":true,"showParticleSystems":true},"in2DMode":false,"pivot":{"x":-5.411747932434082,"y":-1.6762313842773438,"z":-4.426239013671875},"rotation":{"x":-0.1639295071363449,"y":0.6722295880317688,"z":-0.1560526341199875,"w":-0.7048987150192261},"size":18.380887985229493,"orthographic":false}