{"cameraMode":{"drawMode":0,"name":"Shaded","section":"Shading Mode"},"sceneLighting":false,"audioPlay":false,"sceneViewState":{"showFog":true,"showMaterialUpdate":false,"showSkybox":true,"showFlares":true,"showImageEffects":true,"showParticleSystems":true},"in2DMode":false,"pivot":{"x":-0.019014760851860048,"y":0.29881158471107485,"z":1.087770700454712},"rotation":{"x":-0.17184177041053773,"y":0.03605059161782265,"z":-0.006123713683336973,"w":-0.9844456911087036},"size":1.3182282447814942,"orthographic":false}