{"cameraMode":{"drawMode":0,"name":"Shaded","section":"Shading Mode"},"sceneLighting":false,"audioPlay":false,"sceneViewState":{"showFog":true,"showMaterialUpdate":false,"showSkybox":true,"showFlares":true,"showImageEffects":true,"showParticleSystems":true},"in2DMode":false,"pivot":{"x":-4.941085338592529,"y":1.5713915824890137,"z":-2.0401017665863039},"rotation":{"x":-0.07233039289712906,"y":0.5963252186775208,"z":-0.053870007395744327,"w":-0.797660768032074},"size":11.951833724975586,"orthographic":false}